Annotation0.wav,bottlenose/
Annotation100.wav,bottlenose/
Annotation101.wav,bottlenose/
Annotation102.wav,bottlenose/
Annotation103.wav,bottlenose/
Annotation104.wav,bottlenose/
Annotation105.wav,bottlenose/
Annotation106.wav,bottlenose/
Annotation107.wav,bottlenose/
Annotation108.wav,bottlenose/
Annotation109.wav,bottlenose/
Annotation10.wav,bottlenose/
Annotation110.wav,bottlenose/
Annotation111.wav,bottlenose/
Annotation112.wav,bottlenose/
Annotation113.wav,bottlenose/
Annotation114.wav,bottlenose/
Annotation115.wav,bottlenose/
Annotation116.wav,bottlenose/
Annotation117.wav,bottlenose/
Annotation118.wav,bottlenose/
Annotation119.wav,bottlenose/
Annotation11.wav,bottlenose/
Annotation120.wav,bottlenose/
Annotation121.wav,bottlenose/
Annotation122.wav,bottlenose/
Annotation123.wav,bottlenose/
Annotation124.wav,bottlenose/
Annotation125.wav,bottlenose/
Annotation126.wav,bottlenose/
Annotation127.wav,bottlenose/
Annotation128.wav,bottlenose/
Annotation129.wav,bottlenose/
Annotation12.wav,bottlenose/
Annotation130.wav,bottlenose/
Annotation131.wav,bottlenose/
Annotation132.wav,bottlenose/
Annotation133.wav,bottlenose/
Annotation134.wav,bottlenose/
Annotation135.wav,bottlenose/
Annotation136.wav,bottlenose/
Annotation137.wav,bottlenose/
Annotation138.wav,bottlenose/
Annotation139.wav,bottlenose/
Annotation13.wav,bottlenose/
Annotation140.wav,bottlenose/
Annotation141.wav,bottlenose/
Annotation142.wav,bottlenose/
Annotation143.wav,bottlenose/
Annotation144.wav,bottlenose/
Annotation145.wav,bottlenose/
Annotation146.wav,bottlenose/
Annotation147.wav,bottlenose/
Annotation148.wav,bottlenose/
Annotation149.wav,bottlenose/
Annotation14.wav,bottlenose/
Annotation150.wav,bottlenose/
Annotation151.wav,bottlenose/
Annotation152.wav,bottlenose/
Annotation153.wav,bottlenose/
Annotation154.wav,bottlenose/
Annotation155.wav,bottlenose/
Annotation156.wav,bottlenose/
Annotation157.wav,bottlenose/
Annotation158.wav,bottlenose/
Annotation159.wav,bottlenose/
Annotation15.wav,bottlenose/
Annotation160.wav,bottlenose/
Annotation161.wav,bottlenose/
Annotation162.wav,bottlenose/
Annotation163.wav,bottlenose/
Annotation164.wav,bottlenose/
Annotation165.wav,bottlenose/
Annotation166.wav,bottlenose/
Annotation167.wav,bottlenose/
Annotation168.wav,bottlenose/
Annotation169.wav,bottlenose/
Annotation16.wav,bottlenose/
Annotation170.wav,bottlenose/
Annotation171.wav,bottlenose/
Annotation172.wav,bottlenose/
Annotation173.wav,bottlenose/
Annotation174.wav,bottlenose/
Annotation175.wav,bottlenose/
Annotation176.wav,bottlenose/
Annotation177.wav,bottlenose/
Annotation178.wav,bottlenose/
Annotation179.wav,bottlenose/
Annotation17.wav,bottlenose/
Annotation180.wav,bottlenose/
Annotation181.wav,bottlenose/
Annotation182.wav,bottlenose/
Annotation183.wav,bottlenose/
Annotation184.wav,bottlenose/
Annotation185.wav,bottlenose/
Annotation186.wav,bottlenose/
Annotation187.wav,bottlenose/
Annotation188.wav,bottlenose/
Annotation189.wav,bottlenose/
Annotation18.wav,bottlenose/
Annotation190.wav,bottlenose/
Annotation191.wav,bottlenose/
Annotation192.wav,bottlenose/
Annotation193.wav,bottlenose/
Annotation194.wav,bottlenose/
Annotation195.wav,bottlenose/
Annotation196.wav,bottlenose/
Annotation197.wav,bottlenose/
Annotation198.wav,bottlenose/
Annotation199.wav,bottlenose/
Annotation19.wav,bottlenose/
Annotation1.wav,bottlenose/
Annotation200.wav,bottlenose/
Annotation201.wav,bottlenose/
Annotation202.wav,bottlenose/
Annotation203.wav,bottlenose/
Annotation204.wav,bottlenose/
Annotation205.wav,bottlenose/
Annotation206.wav,bottlenose/
Annotation207.wav,bottlenose/
Annotation208.wav,bottlenose/
Annotation209.wav,bottlenose/
Annotation20.wav,bottlenose/
Annotation210.wav,bottlenose/
Annotation211.wav,bottlenose/
Annotation212.wav,bottlenose/
Annotation213.wav,bottlenose/
Annotation214.wav,bottlenose/
Annotation215.wav,bottlenose/
Annotation216.wav,bottlenose/
Annotation217.wav,bottlenose/
Annotation218.wav,bottlenose/
Annotation219.wav,bottlenose/
Annotation21.wav,bottlenose/
Annotation220.wav,bottlenose/
Annotation221.wav,bottlenose/
Annotation222.wav,bottlenose/
Annotation223.wav,bottlenose/
Annotation224.wav,bottlenose/
Annotation225.wav,bottlenose/
Annotation226.wav,bottlenose/
Annotation227.wav,bottlenose/
Annotation228.wav,bottlenose/
Annotation229.wav,bottlenose/
Annotation22.wav,bottlenose/
Annotation230.wav,bottlenose/
Annotation231.wav,bottlenose/
Annotation232.wav,bottlenose/
Annotation233.wav,bottlenose/
Annotation234.wav,bottlenose/
Annotation235.wav,bottlenose/
Annotation236.wav,bottlenose/
Annotation237.wav,bottlenose/
Annotation238.wav,bottlenose/
Annotation239.wav,bottlenose/
Annotation23.wav,bottlenose/
Annotation240.wav,bottlenose/
Annotation241.wav,bottlenose/
Annotation242.wav,bottlenose/
Annotation243.wav,bottlenose/
Annotation244.wav,bottlenose/
Annotation245.wav,bottlenose/
Annotation246.wav,bottlenose/
Annotation247.wav,bottlenose/
Annotation248.wav,bottlenose/
Annotation249.wav,bottlenose/
Annotation24.wav,bottlenose/
Annotation250.wav,bottlenose/
Annotation251.wav,bottlenose/
Annotation252.wav,bottlenose/
Annotation253.wav,bottlenose/
Annotation254.wav,bottlenose/
Annotation255.wav,bottlenose/
Annotation256.wav,bottlenose/
Annotation257.wav,bottlenose/
Annotation258.wav,bottlenose/
Annotation259.wav,bottlenose/
Annotation25.wav,bottlenose/
Annotation260.wav,bottlenose/
Annotation261.wav,bottlenose/
Annotation262.wav,bottlenose/
Annotation263.wav,bottlenose/
Annotation264.wav,bottlenose/
Annotation265.wav,bottlenose/
Annotation266.wav,bottlenose/
Annotation267.wav,bottlenose/
Annotation268.wav,bottlenose/
Annotation269.wav,bottlenose/
Annotation26.wav,bottlenose/
Annotation270.wav,bottlenose/
Annotation271.wav,bottlenose/
Annotation272.wav,bottlenose/
Annotation273.wav,bottlenose/
Annotation274.wav,bottlenose/
Annotation275.wav,bottlenose/
Annotation276.wav,bottlenose/
Annotation277.wav,bottlenose/
Annotation278.wav,bottlenose/
Annotation279.wav,bottlenose/
Annotation27.wav,bottlenose/
Annotation280.wav,bottlenose/
Annotation281.wav,bottlenose/
Annotation282.wav,bottlenose/
Annotation283.wav,bottlenose/
Annotation284.wav,bottlenose/
Annotation285.wav,bottlenose/
Annotation286.wav,bottlenose/
Annotation287.wav,bottlenose/
Annotation288.wav,bottlenose/
Annotation289.wav,bottlenose/
Annotation28.wav,bottlenose/
Annotation290.wav,bottlenose/
Annotation291.wav,bottlenose/
Annotation292.wav,bottlenose/
Annotation293.wav,bottlenose/
Annotation294.wav,bottlenose/
Annotation295.wav,bottlenose/
Annotation296.wav,bottlenose/
Annotation297.wav,bottlenose/
Annotation298.wav,bottlenose/
Annotation299.wav,bottlenose/
Annotation29.wav,bottlenose/
Annotation2.wav,bottlenose/
Annotation300.wav,bottlenose/
Annotation301.wav,bottlenose/
Annotation302.wav,bottlenose/
Annotation303.wav,bottlenose/
Annotation304.wav,bottlenose/
Annotation306.wav,bottlenose/
Annotation307.wav,bottlenose/
Annotation308.wav,bottlenose/
Annotation309.wav,bottlenose/
Annotation30.wav,bottlenose/
Annotation310.wav,bottlenose/
Annotation311.wav,bottlenose/
Annotation312.wav,bottlenose/
Annotation313.wav,bottlenose/
Annotation314.wav,bottlenose/
Annotation315.wav,bottlenose/
Annotation316.wav,bottlenose/
Annotation317.wav,bottlenose/
Annotation318.wav,bottlenose/
Annotation319.wav,bottlenose/
Annotation31.wav,bottlenose/
Annotation320.wav,bottlenose/
Annotation321.wav,bottlenose/
Annotation322.wav,bottlenose/
Annotation323.wav,bottlenose/
Annotation324.wav,bottlenose/
Annotation325.wav,bottlenose/
Annotation326.wav,bottlenose/
Annotation327.wav,bottlenose/
Annotation328.wav,bottlenose/
Annotation329.wav,bottlenose/
Annotation32.wav,bottlenose/
Annotation330.wav,bottlenose/
Annotation331.wav,bottlenose/
Annotation332.wav,bottlenose/
Annotation333.wav,bottlenose/
Annotation334.wav,bottlenose/
Annotation335.wav,bottlenose/
Annotation336.wav,bottlenose/
Annotation337.wav,bottlenose/
Annotation338.wav,bottlenose/
Annotation339.wav,bottlenose/
Annotation33.wav,bottlenose/
Annotation340.wav,bottlenose/
Annotation341.wav,bottlenose/
Annotation342.wav,bottlenose/
Annotation343.wav,bottlenose/
Annotation344.wav,bottlenose/
Annotation345.wav,bottlenose/
Annotation346.wav,bottlenose/
Annotation347.wav,bottlenose/
Annotation348.wav,bottlenose/
Annotation349.wav,bottlenose/
Annotation34.wav,bottlenose/
Annotation350.wav,bottlenose/
Annotation351.wav,bottlenose/
Annotation352.wav,bottlenose/
Annotation353.wav,bottlenose/
Annotation354.wav,bottlenose/
Annotation355.wav,bottlenose/
Annotation356.wav,bottlenose/
Annotation357.wav,bottlenose/
Annotation358.wav,bottlenose/
Annotation359.wav,bottlenose/
Annotation35.wav,bottlenose/
Annotation360.wav,bottlenose/
Annotation361.wav,bottlenose/
Annotation362.wav,bottlenose/
Annotation363.wav,bottlenose/
Annotation364.wav,bottlenose/
Annotation365.wav,bottlenose/
Annotation366.wav,bottlenose/
Annotation367.wav,bottlenose/
Annotation368.wav,bottlenose/
Annotation369.wav,bottlenose/
Annotation36.wav,bottlenose/
Annotation370.wav,bottlenose/
Annotation371.wav,bottlenose/
Annotation372.wav,bottlenose/
Annotation373.wav,bottlenose/
Annotation374.wav,bottlenose/
Annotation375.wav,bottlenose/
Annotation376.wav,bottlenose/
Annotation377.wav,bottlenose/
Annotation378.wav,bottlenose/
Annotation379.wav,bottlenose/
Annotation37.wav,bottlenose/
Annotation380.wav,bottlenose/
Annotation381.wav,bottlenose/
Annotation382.wav,bottlenose/
Annotation383.wav,bottlenose/
Annotation384.wav,bottlenose/
Annotation385.wav,bottlenose/
Annotation386.wav,bottlenose/
Annotation387.wav,bottlenose/
Annotation388.wav,bottlenose/
Annotation389.wav,bottlenose/
Annotation38.wav,bottlenose/
Annotation390.wav,bottlenose/
Annotation391.wav,bottlenose/
Annotation392.wav,bottlenose/
Annotation393.wav,bottlenose/
Annotation394.wav,bottlenose/
Annotation395.wav,bottlenose/
Annotation396.wav,bottlenose/
Annotation397.wav,bottlenose/
Annotation398.wav,bottlenose/
Annotation399.wav,bottlenose/
Annotation39.wav,bottlenose/
Annotation3.wav,bottlenose/
Annotation400.wav,bottlenose/
Annotation401.wav,bottlenose/
Annotation402.wav,bottlenose/
Annotation403.wav,bottlenose/
Annotation404.wav,bottlenose/
Annotation405.wav,bottlenose/
Annotation406.wav,bottlenose/
Annotation407.wav,bottlenose/
Annotation408.wav,bottlenose/
Annotation409.wav,bottlenose/
Annotation40.wav,bottlenose/
Annotation410.wav,bottlenose/
Annotation411.wav,bottlenose/
Annotation412.wav,bottlenose/
Annotation413.wav,bottlenose/
Annotation414.wav,bottlenose/
Annotation415.wav,bottlenose/
Annotation416.wav,bottlenose/
Annotation417.wav,bottlenose/
Annotation418.wav,bottlenose/
Annotation419.wav,bottlenose/
Annotation41.wav,bottlenose/
Annotation420.wav,bottlenose/
Annotation421.wav,bottlenose/
Annotation422.wav,bottlenose/
Annotation423.wav,bottlenose/
Annotation424.wav,bottlenose/
Annotation425.wav,bottlenose/
Annotation426.wav,bottlenose/
Annotation427.wav,bottlenose/
Annotation428.wav,bottlenose/
Annotation429.wav,bottlenose/
Annotation42.wav,bottlenose/
Annotation430.wav,bottlenose/
Annotation431.wav,bottlenose/
Annotation432.wav,bottlenose/
Annotation433.wav,bottlenose/
Annotation434.wav,bottlenose/
Annotation435.wav,bottlenose/
Annotation436.wav,bottlenose/
Annotation437.wav,bottlenose/
Annotation438.wav,bottlenose/
Annotation439.wav,bottlenose/
Annotation43.wav,bottlenose/
Annotation440.wav,bottlenose/
Annotation441.wav,bottlenose/
Annotation442.wav,bottlenose/
Annotation443.wav,bottlenose/
Annotation444.wav,bottlenose/
Annotation445.wav,bottlenose/
Annotation446.wav,bottlenose/
Annotation447.wav,bottlenose/
Annotation448.wav,bottlenose/
Annotation449.wav,bottlenose/
Annotation44.wav,bottlenose/
Annotation450.wav,bottlenose/
Annotation451.wav,bottlenose/
Annotation452.wav,bottlenose/
Annotation453.wav,bottlenose/
Annotation454.wav,bottlenose/
Annotation455.wav,bottlenose/
Annotation456.wav,bottlenose/
Annotation457.wav,bottlenose/
Annotation458.wav,bottlenose/
Annotation459.wav,bottlenose/
Annotation45.wav,bottlenose/
Annotation460.wav,bottlenose/
Annotation461.wav,bottlenose/
Annotation462.wav,bottlenose/
Annotation463.wav,bottlenose/
Annotation464.wav,bottlenose/
Annotation465.wav,bottlenose/
Annotation466.wav,bottlenose/
Annotation467.wav,bottlenose/
Annotation468.wav,bottlenose/
Annotation469.wav,bottlenose/
Annotation46.wav,bottlenose/
Annotation470.wav,bottlenose/
Annotation471.wav,bottlenose/
Annotation472.wav,bottlenose/
Annotation473.wav,bottlenose/
Annotation474.wav,bottlenose/
Annotation475.wav,bottlenose/
Annotation476.wav,bottlenose/
Annotation477.wav,bottlenose/
Annotation478.wav,bottlenose/
Annotation479.wav,bottlenose/
Annotation47.wav,bottlenose/
Annotation480.wav,bottlenose/
Annotation481.wav,bottlenose/
Annotation482.wav,bottlenose/
Annotation483.wav,bottlenose/
Annotation484.wav,bottlenose/
Annotation485.wav,bottlenose/
Annotation486.wav,bottlenose/
Annotation487.wav,bottlenose/
Annotation488.wav,bottlenose/
Annotation489.wav,bottlenose/
Annotation48.wav,bottlenose/
Annotation490.wav,bottlenose/
Annotation491.wav,bottlenose/
Annotation492.wav,bottlenose/
Annotation493.wav,bottlenose/
Annotation494.wav,bottlenose/
Annotation495.wav,bottlenose/
Annotation496.wav,bottlenose/
Annotation497.wav,bottlenose/
Annotation498.wav,bottlenose/
Annotation499.wav,bottlenose/
Annotation49.wav,bottlenose/
Annotation4.wav,bottlenose/
Annotation500.wav,bottlenose/
Annotation501.wav,bottlenose/
Annotation502.wav,bottlenose/
Annotation503.wav,bottlenose/
Annotation504.wav,bottlenose/
Annotation505.wav,bottlenose/
Annotation506.wav,bottlenose/
Annotation507.wav,bottlenose/
Annotation508.wav,bottlenose/
Annotation509.wav,bottlenose/
Annotation50.wav,bottlenose/
Annotation510.wav,bottlenose/
Annotation511.wav,bottlenose/
Annotation512.wav,bottlenose/
Annotation513.wav,bottlenose/
Annotation514.wav,bottlenose/
Annotation515.wav,bottlenose/
Annotation516.wav,bottlenose/
Annotation517.wav,bottlenose/
Annotation518.wav,bottlenose/
Annotation519.wav,bottlenose/
Annotation51.wav,bottlenose/
Annotation520.wav,bottlenose/
Annotation521.wav,bottlenose/
Annotation522.wav,bottlenose/
Annotation523.wav,bottlenose/
Annotation524.wav,bottlenose/
Annotation525.wav,bottlenose/
Annotation526.wav,bottlenose/
Annotation527.wav,bottlenose/
Annotation528.wav,bottlenose/
Annotation529.wav,bottlenose/
Annotation52.wav,bottlenose/
Annotation530.wav,bottlenose/
Annotation531.wav,bottlenose/
Annotation532.wav,bottlenose/
Annotation533.wav,bottlenose/
Annotation534.wav,bottlenose/
Annotation535.wav,bottlenose/
Annotation536.wav,bottlenose/
Annotation537.wav,bottlenose/
Annotation538.wav,bottlenose/
Annotation53.wav,bottlenose/
Annotation54.wav,bottlenose/
Annotation55.wav,bottlenose/
Annotation56.wav,bottlenose/
Annotation57.wav,bottlenose/
Annotation58.wav,bottlenose/
Annotation59.wav,bottlenose/
Annotation5.wav,bottlenose/
Annotation60.wav,bottlenose/
Annotation61.wav,bottlenose/
Annotation62.wav,bottlenose/
Annotation63.wav,bottlenose/
Annotation64.wav,bottlenose/
Annotation65.wav,bottlenose/
Annotation66.wav,bottlenose/
Annotation67.wav,bottlenose/
Annotation68.wav,bottlenose/
Annotation69.wav,bottlenose/
Annotation6.wav,bottlenose/
Annotation70.wav,bottlenose/
Annotation71.wav,bottlenose/
Annotation72.wav,bottlenose/
Annotation73.wav,bottlenose/
Annotation74.wav,bottlenose/
Annotation75.wav,bottlenose/
Annotation76.wav,bottlenose/
Annotation77.wav,bottlenose/
Annotation78.wav,bottlenose/
Annotation79.wav,bottlenose/
Annotation7.wav,bottlenose/
Annotation80.wav,bottlenose/
Annotation81.wav,bottlenose/
Annotation82.wav,bottlenose/
Annotation83.wav,bottlenose/
Annotation84.wav,bottlenose/
Annotation85.wav,bottlenose/
Annotation86.wav,bottlenose/
Annotation87.wav,bottlenose/
Annotation88.wav,bottlenose/
Annotation89.wav,bottlenose/
Annotation8.wav,bottlenose/
Annotation90.wav,bottlenose/
Annotation91.wav,bottlenose/
Annotation92.wav,bottlenose/
Annotation93.wav,bottlenose/
Annotation94.wav,bottlenose/
Annotation95.wav,bottlenose/
Annotation96.wav,bottlenose/
Annotation97.wav,bottlenose/
Annotation98.wav,bottlenose/
Annotation99.wav,bottlenose/
Annotation9.wav,bottlenose/
Annotation0.wav,common/
Annotation100.wav,common/
Annotation101.wav,common/
Annotation102.wav,common/
Annotation103.wav,common/
Annotation104.wav,common/
Annotation105.wav,common/
Annotation106.wav,common/
Annotation107.wav,common/
Annotation108.wav,common/
Annotation109.wav,common/
Annotation10.wav,common/
Annotation110.wav,common/
Annotation111.wav,common/
Annotation112.wav,common/
Annotation113.wav,common/
Annotation114.wav,common/
Annotation115.wav,common/
Annotation116.wav,common/
Annotation117.wav,common/
Annotation118.wav,common/
Annotation119.wav,common/
Annotation11.wav,common/
Annotation120.wav,common/
Annotation121.wav,common/
Annotation122.wav,common/
Annotation123.wav,common/
Annotation124.wav,common/
Annotation125.wav,common/
Annotation126.wav,common/
Annotation127.wav,common/
Annotation128.wav,common/
Annotation129.wav,common/
Annotation12.wav,common/
Annotation130.wav,common/
Annotation131.wav,common/
Annotation132.wav,common/
Annotation133.wav,common/
Annotation134.wav,common/
Annotation135.wav,common/
Annotation136.wav,common/
Annotation137.wav,common/
Annotation138.wav,common/
Annotation139.wav,common/
Annotation13.wav,common/
Annotation140.wav,common/
Annotation141.wav,common/
Annotation142.wav,common/
Annotation143.wav,common/
Annotation144.wav,common/
Annotation145.wav,common/
Annotation146.wav,common/
Annotation147.wav,common/
Annotation148.wav,common/
Annotation149.wav,common/
Annotation14.wav,common/
Annotation150.wav,common/
Annotation151.wav,common/
Annotation152.wav,common/
Annotation153.wav,common/
Annotation154.wav,common/
Annotation155.wav,common/
Annotation156.wav,common/
Annotation157.wav,common/
Annotation158.wav,common/
Annotation159.wav,common/
Annotation15.wav,common/
Annotation160.wav,common/
Annotation161.wav,common/
Annotation162.wav,common/
Annotation163.wav,common/
Annotation164.wav,common/
Annotation165.wav,common/
Annotation166.wav,common/
Annotation167.wav,common/
Annotation168.wav,common/
Annotation169.wav,common/
Annotation16.wav,common/
Annotation170.wav,common/
Annotation171.wav,common/
Annotation172.wav,common/
Annotation173.wav,common/
Annotation174.wav,common/
Annotation175.wav,common/
Annotation176.wav,common/
Annotation177.wav,common/
Annotation178.wav,common/
Annotation179.wav,common/
Annotation17.wav,common/
Annotation180.wav,common/
Annotation181.wav,common/
Annotation182.wav,common/
Annotation183.wav,common/
Annotation184.wav,common/
Annotation185.wav,common/
Annotation186.wav,common/
Annotation187.wav,common/
Annotation188.wav,common/
Annotation189.wav,common/
Annotation18.wav,common/
Annotation190.wav,common/
Annotation191.wav,common/
Annotation192.wav,common/
Annotation193.wav,common/
Annotation194.wav,common/
Annotation195.wav,common/
Annotation196.wav,common/
Annotation197.wav,common/
Annotation198.wav,common/
Annotation199.wav,common/
Annotation19.wav,common/
Annotation1.wav,common/
Annotation200.wav,common/
Annotation201.wav,common/
Annotation202.wav,common/
Annotation203.wav,common/
Annotation204.wav,common/
Annotation205.wav,common/
Annotation206.wav,common/
Annotation207.wav,common/
Annotation208.wav,common/
Annotation209.wav,common/
Annotation20.wav,common/
Annotation210.wav,common/
Annotation211.wav,common/
Annotation212.wav,common/
Annotation213.wav,common/
Annotation214.wav,common/
Annotation215.wav,common/
Annotation216.wav,common/
Annotation217.wav,common/
Annotation218.wav,common/
Annotation219.wav,common/
Annotation21.wav,common/
Annotation220.wav,common/
Annotation221.wav,common/
Annotation222.wav,common/
Annotation223.wav,common/
Annotation224.wav,common/
Annotation225.wav,common/
Annotation226.wav,common/
Annotation227.wav,common/
Annotation228.wav,common/
Annotation229.wav,common/
Annotation22.wav,common/
Annotation230.wav,common/
Annotation231.wav,common/
Annotation232.wav,common/
Annotation233.wav,common/
Annotation234.wav,common/
Annotation235.wav,common/
Annotation236.wav,common/
Annotation237.wav,common/
Annotation238.wav,common/
Annotation239.wav,common/
Annotation23.wav,common/
Annotation240.wav,common/
Annotation241.wav,common/
Annotation242.wav,common/
Annotation243.wav,common/
Annotation244.wav,common/
Annotation245.wav,common/
Annotation246.wav,common/
Annotation247.wav,common/
Annotation248.wav,common/
Annotation249.wav,common/
Annotation24.wav,common/
Annotation250.wav,common/
Annotation251.wav,common/
Annotation252.wav,common/
Annotation253.wav,common/
Annotation254.wav,common/
Annotation255.wav,common/
Annotation256.wav,common/
Annotation257.wav,common/
Annotation258.wav,common/
Annotation259.wav,common/
Annotation25.wav,common/
Annotation260.wav,common/
Annotation261.wav,common/
Annotation262.wav,common/
Annotation263.wav,common/
Annotation264.wav,common/
Annotation265.wav,common/
Annotation266.wav,common/
Annotation267.wav,common/
Annotation268.wav,common/
Annotation269.wav,common/
Annotation26.wav,common/
Annotation270.wav,common/
Annotation271.wav,common/
Annotation272.wav,common/
Annotation273.wav,common/
Annotation274.wav,common/
Annotation275.wav,common/
Annotation276.wav,common/
Annotation277.wav,common/
Annotation278.wav,common/
Annotation279.wav,common/
Annotation27.wav,common/
Annotation280.wav,common/
Annotation281.wav,common/
Annotation282.wav,common/
Annotation283.wav,common/
Annotation284.wav,common/
Annotation285.wav,common/
Annotation286.wav,common/
Annotation287.wav,common/
Annotation288.wav,common/
Annotation289.wav,common/
Annotation28.wav,common/
Annotation290.wav,common/
Annotation291.wav,common/
Annotation292.wav,common/
Annotation293.wav,common/
Annotation294.wav,common/
Annotation295.wav,common/
Annotation296.wav,common/
Annotation297.wav,common/
Annotation298.wav,common/
Annotation299.wav,common/
Annotation29.wav,common/
Annotation2.wav,common/
Annotation300.wav,common/
Annotation301.wav,common/
Annotation302.wav,common/
Annotation303.wav,common/
Annotation304.wav,common/
Annotation305.wav,common/
Annotation306.wav,common/
Annotation307.wav,common/
Annotation308.wav,common/
Annotation309.wav,common/
Annotation30.wav,common/
Annotation310.wav,common/
Annotation311.wav,common/
Annotation312.wav,common/
Annotation313.wav,common/
Annotation314.wav,common/
Annotation315.wav,common/
Annotation316.wav,common/
Annotation317.wav,common/
Annotation318.wav,common/
Annotation319.wav,common/
Annotation31.wav,common/
Annotation320.wav,common/
Annotation321.wav,common/
Annotation322.wav,common/
Annotation323.wav,common/
Annotation324.wav,common/
Annotation325.wav,common/
Annotation326.wav,common/
Annotation327.wav,common/
Annotation328.wav,common/
Annotation329.wav,common/
Annotation32.wav,common/
Annotation330.wav,common/
Annotation331.wav,common/
Annotation332.wav,common/
Annotation333.wav,common/
Annotation334.wav,common/
Annotation335.wav,common/
Annotation336.wav,common/
Annotation337.wav,common/
Annotation338.wav,common/
Annotation339.wav,common/
Annotation33.wav,common/
Annotation340.wav,common/
Annotation341.wav,common/
Annotation342.wav,common/
Annotation343.wav,common/
Annotation344.wav,common/
Annotation345.wav,common/
Annotation346.wav,common/
Annotation347.wav,common/
Annotation348.wav,common/
Annotation349.wav,common/
Annotation34.wav,common/
Annotation350.wav,common/
Annotation351.wav,common/
Annotation352.wav,common/
Annotation353.wav,common/
Annotation354.wav,common/
Annotation355.wav,common/
Annotation356.wav,common/
Annotation357.wav,common/
Annotation358.wav,common/
Annotation359.wav,common/
Annotation35.wav,common/
Annotation360.wav,common/
Annotation361.wav,common/
Annotation362.wav,common/
Annotation363.wav,common/
Annotation364.wav,common/
Annotation365.wav,common/
Annotation366.wav,common/
Annotation367.wav,common/
Annotation368.wav,common/
Annotation369.wav,common/
Annotation36.wav,common/
Annotation370.wav,common/
Annotation371.wav,common/
Annotation372.wav,common/
Annotation373.wav,common/
Annotation374.wav,common/
Annotation375.wav,common/
Annotation376.wav,common/
Annotation377.wav,common/
Annotation378.wav,common/
Annotation379.wav,common/
Annotation37.wav,common/
Annotation380.wav,common/
Annotation381.wav,common/
Annotation382.wav,common/
Annotation383.wav,common/
Annotation384.wav,common/
Annotation385.wav,common/
Annotation386.wav,common/
Annotation387.wav,common/
Annotation388.wav,common/
Annotation389.wav,common/
Annotation38.wav,common/
Annotation390.wav,common/
Annotation391.wav,common/
Annotation392.wav,common/
Annotation393.wav,common/
Annotation394.wav,common/
Annotation395.wav,common/
Annotation396.wav,common/
Annotation397.wav,common/
Annotation398.wav,common/
Annotation399.wav,common/
Annotation39.wav,common/
Annotation3.wav,common/
Annotation400.wav,common/
Annotation401.wav,common/
Annotation402.wav,common/
Annotation403.wav,common/
Annotation404.wav,common/
Annotation405.wav,common/
Annotation406.wav,common/
Annotation407.wav,common/
Annotation408.wav,common/
Annotation409.wav,common/
Annotation40.wav,common/
Annotation410.wav,common/
Annotation411.wav,common/
Annotation412.wav,common/
Annotation413.wav,common/
Annotation414.wav,common/
Annotation415.wav,common/
Annotation416.wav,common/
Annotation417.wav,common/
Annotation418.wav,common/
Annotation419.wav,common/
Annotation41.wav,common/
Annotation420.wav,common/
Annotation421.wav,common/
Annotation422.wav,common/
Annotation423.wav,common/
Annotation424.wav,common/
Annotation425.wav,common/
Annotation426.wav,common/
Annotation427.wav,common/
Annotation428.wav,common/
Annotation429.wav,common/
Annotation42.wav,common/
Annotation430.wav,common/
Annotation431.wav,common/
Annotation432.wav,common/
Annotation433.wav,common/
Annotation434.wav,common/
Annotation435.wav,common/
Annotation436.wav,common/
Annotation437.wav,common/
Annotation438.wav,common/
Annotation439.wav,common/
Annotation43.wav,common/
Annotation440.wav,common/
Annotation441.wav,common/
Annotation442.wav,common/
Annotation443.wav,common/
Annotation444.wav,common/
Annotation445.wav,common/
Annotation446.wav,common/
Annotation447.wav,common/
Annotation448.wav,common/
Annotation449.wav,common/
Annotation44.wav,common/
Annotation450.wav,common/
Annotation451.wav,common/
Annotation452.wav,common/
Annotation453.wav,common/
Annotation454.wav,common/
Annotation455.wav,common/
Annotation456.wav,common/
Annotation457.wav,common/
Annotation459.wav,common/
Annotation45.wav,common/
Annotation460.wav,common/
Annotation461.wav,common/
Annotation462.wav,common/
Annotation463.wav,common/
Annotation464.wav,common/
Annotation465.wav,common/
Annotation466.wav,common/
Annotation467.wav,common/
Annotation468.wav,common/
Annotation469.wav,common/
Annotation46.wav,common/
Annotation470.wav,common/
Annotation471.wav,common/
Annotation472.wav,common/
Annotation473.wav,common/
Annotation474.wav,common/
Annotation475.wav,common/
Annotation476.wav,common/
Annotation477.wav,common/
Annotation478.wav,common/
Annotation479.wav,common/
Annotation47.wav,common/
Annotation480.wav,common/
Annotation481.wav,common/
Annotation482.wav,common/
Annotation483.wav,common/
Annotation484.wav,common/
Annotation485.wav,common/
Annotation486.wav,common/
Annotation487.wav,common/
Annotation488.wav,common/
Annotation489.wav,common/
Annotation48.wav,common/
Annotation490.wav,common/
Annotation491.wav,common/
Annotation492.wav,common/
Annotation493.wav,common/
Annotation494.wav,common/
Annotation495.wav,common/
Annotation496.wav,common/
Annotation497.wav,common/
Annotation498.wav,common/
Annotation499.wav,common/
Annotation49.wav,common/
Annotation4.wav,common/
Annotation500.wav,common/
Annotation501.wav,common/
Annotation502.wav,common/
Annotation503.wav,common/
Annotation504.wav,common/
Annotation505.wav,common/
Annotation506.wav,common/
Annotation507.wav,common/
Annotation508.wav,common/
Annotation509.wav,common/
Annotation50.wav,common/
Annotation510.wav,common/
Annotation511.wav,common/
Annotation512.wav,common/
Annotation513.wav,common/
Annotation514.wav,common/
Annotation515.wav,common/
Annotation516.wav,common/
Annotation517.wav,common/
Annotation518.wav,common/
Annotation519.wav,common/
Annotation51.wav,common/
Annotation520.wav,common/
Annotation521.wav,common/
Annotation522.wav,common/
Annotation523.wav,common/
Annotation524.wav,common/
Annotation525.wav,common/
Annotation526.wav,common/
Annotation527.wav,common/
Annotation528.wav,common/
Annotation529.wav,common/
Annotation52.wav,common/
Annotation530.wav,common/
Annotation531.wav,common/
Annotation532.wav,common/
Annotation533.wav,common/
Annotation534.wav,common/
Annotation535.wav,common/
Annotation536.wav,common/
Annotation537.wav,common/
Annotation538.wav,common/
Annotation539.wav,common/
Annotation53.wav,common/
Annotation540.wav,common/
Annotation541.wav,common/
Annotation542.wav,common/
Annotation543.wav,common/
Annotation544.wav,common/
Annotation545.wav,common/
Annotation546.wav,common/
Annotation547.wav,common/
Annotation548.wav,common/
Annotation549.wav,common/
Annotation54.wav,common/
Annotation550.wav,common/
Annotation551.wav,common/
Annotation552.wav,common/
Annotation553.wav,common/
Annotation554.wav,common/
Annotation555.wav,common/
Annotation556.wav,common/
Annotation557.wav,common/
Annotation558.wav,common/
Annotation559.wav,common/
Annotation55.wav,common/
Annotation560.wav,common/
Annotation561.wav,common/
Annotation562.wav,common/
Annotation563.wav,common/
Annotation564.wav,common/
Annotation565.wav,common/
Annotation566.wav,common/
Annotation567.wav,common/
Annotation568.wav,common/
Annotation569.wav,common/
Annotation56.wav,common/
Annotation570.wav,common/
Annotation571.wav,common/
Annotation572.wav,common/
Annotation573.wav,common/
Annotation574.wav,common/
Annotation575.wav,common/
Annotation576.wav,common/
Annotation577.wav,common/
Annotation578.wav,common/
Annotation579.wav,common/
Annotation57.wav,common/
Annotation580.wav,common/
Annotation581.wav,common/
Annotation582.wav,common/
Annotation583.wav,common/
Annotation584.wav,common/
Annotation585.wav,common/
Annotation586.wav,common/
Annotation587.wav,common/
Annotation588.wav,common/
Annotation589.wav,common/
Annotation58.wav,common/
Annotation590.wav,common/
Annotation591.wav,common/
Annotation592.wav,common/
Annotation593.wav,common/
Annotation594.wav,common/
Annotation595.wav,common/
Annotation596.wav,common/
Annotation597.wav,common/
Annotation598.wav,common/
Annotation599.wav,common/
Annotation59.wav,common/
Annotation5.wav,common/
Annotation600.wav,common/
Annotation601.wav,common/
Annotation602.wav,common/
Annotation603.wav,common/
Annotation604.wav,common/
Annotation605.wav,common/
Annotation606.wav,common/
Annotation607.wav,common/
Annotation608.wav,common/
Annotation609.wav,common/
Annotation60.wav,common/
Annotation610.wav,common/
Annotation611.wav,common/
Annotation612.wav,common/
Annotation613.wav,common/
Annotation614.wav,common/
Annotation615.wav,common/
Annotation616.wav,common/
Annotation617.wav,common/
Annotation618.wav,common/
Annotation619.wav,common/
Annotation61.wav,common/
Annotation620.wav,common/
Annotation621.wav,common/
Annotation622.wav,common/
Annotation623.wav,common/
Annotation624.wav,common/
Annotation625.wav,common/
Annotation626.wav,common/
Annotation627.wav,common/
Annotation628.wav,common/
Annotation629.wav,common/
Annotation62.wav,common/
Annotation630.wav,common/
Annotation631.wav,common/
Annotation632.wav,common/
Annotation633.wav,common/
Annotation634.wav,common/
Annotation635.wav,common/
Annotation636.wav,common/
Annotation637.wav,common/
Annotation638.wav,common/
Annotation639.wav,common/
Annotation63.wav,common/
Annotation640.wav,common/
Annotation641.wav,common/
Annotation642.wav,common/
Annotation643.wav,common/
Annotation644.wav,common/
Annotation645.wav,common/
Annotation646.wav,common/
Annotation647.wav,common/
Annotation648.wav,common/
Annotation649.wav,common/
Annotation64.wav,common/
Annotation650.wav,common/
Annotation651.wav,common/
Annotation652.wav,common/
Annotation653.wav,common/
Annotation654.wav,common/
Annotation655.wav,common/
Annotation656.wav,common/
Annotation657.wav,common/
Annotation658.wav,common/
Annotation659.wav,common/
Annotation65.wav,common/
Annotation660.wav,common/
Annotation661.wav,common/
Annotation662.wav,common/
Annotation663.wav,common/
Annotation664.wav,common/
Annotation665.wav,common/
Annotation666.wav,common/
Annotation667.wav,common/
Annotation668.wav,common/
Annotation669.wav,common/
Annotation66.wav,common/
Annotation670.wav,common/
Annotation671.wav,common/
Annotation672.wav,common/
Annotation673.wav,common/
Annotation674.wav,common/
Annotation675.wav,common/
Annotation676.wav,common/
Annotation677.wav,common/
Annotation678.wav,common/
Annotation679.wav,common/
Annotation67.wav,common/
Annotation680.wav,common/
Annotation681.wav,common/
Annotation682.wav,common/
Annotation683.wav,common/
Annotation684.wav,common/
Annotation685.wav,common/
Annotation686.wav,common/
Annotation687.wav,common/
Annotation688.wav,common/
Annotation689.wav,common/
Annotation68.wav,common/
Annotation690.wav,common/
Annotation691.wav,common/
Annotation692.wav,common/
Annotation693.wav,common/
Annotation694.wav,common/
Annotation695.wav,common/
Annotation696.wav,common/
Annotation697.wav,common/
Annotation698.wav,common/
Annotation699.wav,common/
Annotation69.wav,common/
Annotation6.wav,common/
Annotation700.wav,common/
Annotation701.wav,common/
Annotation702.wav,common/
Annotation703.wav,common/
Annotation704.wav,common/
Annotation705.wav,common/
Annotation706.wav,common/
Annotation707.wav,common/
Annotation708.wav,common/
Annotation709.wav,common/
Annotation70.wav,common/
Annotation710.wav,common/
Annotation711.wav,common/
Annotation712.wav,common/
Annotation713.wav,common/
Annotation714.wav,common/
Annotation715.wav,common/
Annotation716.wav,common/
Annotation717.wav,common/
Annotation718.wav,common/
Annotation719.wav,common/
Annotation71.wav,common/
Annotation720.wav,common/
Annotation721.wav,common/
Annotation722.wav,common/
Annotation723.wav,common/
Annotation724.wav,common/
Annotation725.wav,common/
Annotation726.wav,common/
Annotation727.wav,common/
Annotation728.wav,common/
Annotation729.wav,common/
Annotation72.wav,common/
Annotation730.wav,common/
Annotation731.wav,common/
Annotation732.wav,common/
Annotation733.wav,common/
Annotation734.wav,common/
Annotation735.wav,common/
Annotation736.wav,common/
Annotation737.wav,common/
Annotation738.wav,common/
Annotation739.wav,common/
Annotation73.wav,common/
Annotation740.wav,common/
Annotation741.wav,common/
Annotation742.wav,common/
Annotation743.wav,common/
Annotation744.wav,common/
Annotation745.wav,common/
Annotation746.wav,common/
Annotation747.wav,common/
Annotation748.wav,common/
Annotation749.wav,common/
Annotation74.wav,common/
Annotation750.wav,common/
Annotation751.wav,common/
Annotation752.wav,common/
Annotation753.wav,common/
Annotation754.wav,common/
Annotation755.wav,common/
Annotation756.wav,common/
Annotation757.wav,common/
Annotation758.wav,common/
Annotation75.wav,common/
Annotation76.wav,common/
Annotation77.wav,common/
Annotation78.wav,common/
Annotation79.wav,common/
Annotation7.wav,common/
Annotation80.wav,common/
Annotation81.wav,common/
Annotation82.wav,common/
Annotation83.wav,common/
Annotation84.wav,common/
Annotation85.wav,common/
Annotation86.wav,common/
Annotation87.wav,common/
Annotation88.wav,common/
Annotation89.wav,common/
Annotation8.wav,common/
Annotation90.wav,common/
Annotation91.wav,common/
Annotation92.wav,common/
Annotation93.wav,common/
Annotation94.wav,common/
Annotation95.wav,common/
Annotation96.wav,common/
Annotation97.wav,common/
Annotation98.wav,common/
Annotation99.wav,common/
Annotation9.wav,common/
Annotation1015.wav,melon-headed/
Annotation1068.wav,melon-headed/
Annotation1083.wav,melon-headed/
Annotation130.wav,melon-headed/
Annotation187.wav,melon-headed/
Annotation21.wav,melon-headed/
Annotation269.wav,melon-headed/
Annotation309.wav,melon-headed/
Annotation316.wav,melon-headed/
Annotation327.wav,melon-headed/
Annotation418.wav,melon-headed/
Annotation675.wav,melon-headed/
Annotation693.wav,melon-headed/
Annotation875.wav,melon-headed/
Annotation939.wav,melon-headed/
Annotation0.wav,bottlenose/
Annotation100.wav,bottlenose/
Annotation101.wav,bottlenose/
Annotation102.wav,bottlenose/
Annotation103.wav,bottlenose/
Annotation104.wav,bottlenose/
Annotation105.wav,bottlenose/
Annotation106.wav,bottlenose/
Annotation107.wav,bottlenose/
Annotation108.wav,bottlenose/
Annotation109.wav,bottlenose/
Annotation10.wav,bottlenose/
Annotation110.wav,bottlenose/
Annotation111.wav,bottlenose/
Annotation112.wav,bottlenose/
Annotation113.wav,bottlenose/
Annotation114.wav,bottlenose/
Annotation115.wav,bottlenose/
Annotation116.wav,bottlenose/
Annotation117.wav,bottlenose/
Annotation118.wav,bottlenose/
Annotation119.wav,bottlenose/
Annotation11.wav,bottlenose/
Annotation120.wav,bottlenose/
Annotation121.wav,bottlenose/
Annotation122.wav,bottlenose/
Annotation123.wav,bottlenose/
Annotation124.wav,bottlenose/
Annotation125.wav,bottlenose/
Annotation126.wav,bottlenose/
Annotation127.wav,bottlenose/
Annotation128.wav,bottlenose/
Annotation129.wav,bottlenose/
Annotation12.wav,bottlenose/
Annotation130.wav,bottlenose/
Annotation131.wav,bottlenose/
Annotation132.wav,bottlenose/
Annotation133.wav,bottlenose/
Annotation134.wav,bottlenose/
Annotation135.wav,bottlenose/
Annotation136.wav,bottlenose/
Annotation137.wav,bottlenose/
Annotation138.wav,bottlenose/
Annotation139.wav,bottlenose/
Annotation13.wav,bottlenose/
Annotation140.wav,bottlenose/
Annotation141.wav,bottlenose/
Annotation142.wav,bottlenose/
Annotation143.wav,bottlenose/
Annotation144.wav,bottlenose/
Annotation145.wav,bottlenose/
Annotation146.wav,bottlenose/
Annotation147.wav,bottlenose/
Annotation148.wav,bottlenose/
Annotation149.wav,bottlenose/
Annotation14.wav,bottlenose/
Annotation150.wav,bottlenose/
Annotation151.wav,bottlenose/
Annotation152.wav,bottlenose/
Annotation153.wav,bottlenose/
Annotation154.wav,bottlenose/
Annotation155.wav,bottlenose/
Annotation156.wav,bottlenose/
Annotation157.wav,bottlenose/
Annotation158.wav,bottlenose/
Annotation159.wav,bottlenose/
Annotation15.wav,bottlenose/
Annotation160.wav,bottlenose/
Annotation161.wav,bottlenose/
Annotation162.wav,bottlenose/
Annotation163.wav,bottlenose/
Annotation164.wav,bottlenose/
Annotation165.wav,bottlenose/
Annotation166.wav,bottlenose/
Annotation167.wav,bottlenose/
Annotation168.wav,bottlenose/
Annotation169.wav,bottlenose/
Annotation16.wav,bottlenose/
Annotation170.wav,bottlenose/
Annotation171.wav,bottlenose/
Annotation172.wav,bottlenose/
Annotation173.wav,bottlenose/
Annotation174.wav,bottlenose/
Annotation175.wav,bottlenose/
Annotation176.wav,bottlenose/
Annotation177.wav,bottlenose/
Annotation178.wav,bottlenose/
Annotation179.wav,bottlenose/
Annotation17.wav,bottlenose/
Annotation180.wav,bottlenose/
Annotation181.wav,bottlenose/
Annotation182.wav,bottlenose/
Annotation183.wav,bottlenose/
Annotation184.wav,bottlenose/
Annotation185.wav,bottlenose/
Annotation186.wav,bottlenose/
Annotation187.wav,bottlenose/
Annotation188.wav,bottlenose/
Annotation189.wav,bottlenose/
Annotation18.wav,bottlenose/
Annotation190.wav,bottlenose/
Annotation191.wav,bottlenose/
Annotation192.wav,bottlenose/
Annotation193.wav,bottlenose/
Annotation194.wav,bottlenose/
Annotation195.wav,bottlenose/
Annotation196.wav,bottlenose/
Annotation197.wav,bottlenose/
Annotation198.wav,bottlenose/
Annotation199.wav,bottlenose/
Annotation19.wav,bottlenose/
Annotation1.wav,bottlenose/
Annotation200.wav,bottlenose/
Annotation201.wav,bottlenose/
Annotation202.wav,bottlenose/
Annotation203.wav,bottlenose/
Annotation204.wav,bottlenose/
Annotation205.wav,bottlenose/
Annotation206.wav,bottlenose/
Annotation207.wav,bottlenose/
Annotation208.wav,bottlenose/
Annotation209.wav,bottlenose/
Annotation20.wav,bottlenose/
Annotation210.wav,bottlenose/
Annotation211.wav,bottlenose/
Annotation212.wav,bottlenose/
Annotation213.wav,bottlenose/
Annotation214.wav,bottlenose/
Annotation215.wav,bottlenose/
Annotation216.wav,bottlenose/
Annotation217.wav,bottlenose/
Annotation218.wav,bottlenose/
Annotation219.wav,bottlenose/
Annotation21.wav,bottlenose/
Annotation220.wav,bottlenose/
Annotation221.wav,bottlenose/
Annotation222.wav,bottlenose/
Annotation223.wav,bottlenose/
Annotation224.wav,bottlenose/
Annotation225.wav,bottlenose/
Annotation226.wav,bottlenose/
Annotation227.wav,bottlenose/
Annotation228.wav,bottlenose/
Annotation229.wav,bottlenose/
Annotation22.wav,bottlenose/
Annotation230.wav,bottlenose/
Annotation231.wav,bottlenose/
Annotation232.wav,bottlenose/
Annotation233.wav,bottlenose/
Annotation234.wav,bottlenose/
Annotation235.wav,bottlenose/
Annotation236.wav,bottlenose/
Annotation237.wav,bottlenose/
Annotation238.wav,bottlenose/
Annotation239.wav,bottlenose/
Annotation23.wav,bottlenose/
Annotation240.wav,bottlenose/
Annotation241.wav,bottlenose/
Annotation242.wav,bottlenose/
Annotation243.wav,bottlenose/
Annotation244.wav,bottlenose/
Annotation245.wav,bottlenose/
Annotation246.wav,bottlenose/
Annotation247.wav,bottlenose/
Annotation248.wav,bottlenose/
Annotation249.wav,bottlenose/
Annotation24.wav,bottlenose/
Annotation250.wav,bottlenose/
Annotation251.wav,bottlenose/
Annotation252.wav,bottlenose/
Annotation253.wav,bottlenose/
Annotation254.wav,bottlenose/
Annotation255.wav,bottlenose/
Annotation256.wav,bottlenose/
Annotation257.wav,bottlenose/
Annotation258.wav,bottlenose/
Annotation259.wav,bottlenose/
Annotation25.wav,bottlenose/
Annotation260.wav,bottlenose/
Annotation261.wav,bottlenose/
Annotation262.wav,bottlenose/
Annotation263.wav,bottlenose/
Annotation264.wav,bottlenose/
Annotation265.wav,bottlenose/
Annotation266.wav,bottlenose/
Annotation267.wav,bottlenose/
Annotation268.wav,bottlenose/
Annotation269.wav,bottlenose/
Annotation26.wav,bottlenose/
Annotation270.wav,bottlenose/
Annotation271.wav,bottlenose/
Annotation272.wav,bottlenose/
Annotation273.wav,bottlenose/
Annotation274.wav,bottlenose/
Annotation275.wav,bottlenose/
Annotation276.wav,bottlenose/
Annotation277.wav,bottlenose/
Annotation278.wav,bottlenose/
Annotation279.wav,bottlenose/
Annotation27.wav,bottlenose/
Annotation280.wav,bottlenose/
Annotation281.wav,bottlenose/
Annotation282.wav,bottlenose/
Annotation283.wav,bottlenose/
Annotation284.wav,bottlenose/
Annotation285.wav,bottlenose/
Annotation286.wav,bottlenose/
Annotation287.wav,bottlenose/
Annotation288.wav,bottlenose/
Annotation289.wav,bottlenose/
Annotation28.wav,bottlenose/
Annotation290.wav,bottlenose/
Annotation291.wav,bottlenose/
Annotation292.wav,bottlenose/
Annotation293.wav,bottlenose/
Annotation294.wav,bottlenose/
Annotation295.wav,bottlenose/
Annotation296.wav,bottlenose/
Annotation297.wav,bottlenose/
Annotation298.wav,bottlenose/
Annotation299.wav,bottlenose/
Annotation29.wav,bottlenose/
Annotation2.wav,bottlenose/
Annotation300.wav,bottlenose/
Annotation301.wav,bottlenose/
Annotation302.wav,bottlenose/
Annotation303.wav,bottlenose/
Annotation304.wav,bottlenose/
Annotation306.wav,bottlenose/
Annotation307.wav,bottlenose/
Annotation308.wav,bottlenose/
Annotation309.wav,bottlenose/
Annotation30.wav,bottlenose/
Annotation310.wav,bottlenose/
Annotation311.wav,bottlenose/
Annotation312.wav,bottlenose/
Annotation313.wav,bottlenose/
Annotation314.wav,bottlenose/
Annotation315.wav,bottlenose/
Annotation316.wav,bottlenose/
Annotation317.wav,bottlenose/
Annotation318.wav,bottlenose/
Annotation319.wav,bottlenose/
Annotation31.wav,bottlenose/
Annotation320.wav,bottlenose/
Annotation321.wav,bottlenose/
Annotation322.wav,bottlenose/
Annotation323.wav,bottlenose/
Annotation324.wav,bottlenose/
Annotation325.wav,bottlenose/
Annotation326.wav,bottlenose/
Annotation327.wav,bottlenose/
Annotation328.wav,bottlenose/
Annotation329.wav,bottlenose/
Annotation32.wav,bottlenose/
Annotation330.wav,bottlenose/
Annotation331.wav,bottlenose/
Annotation332.wav,bottlenose/
Annotation333.wav,bottlenose/
Annotation334.wav,bottlenose/
Annotation335.wav,bottlenose/
Annotation336.wav,bottlenose/
Annotation337.wav,bottlenose/
Annotation338.wav,bottlenose/
Annotation339.wav,bottlenose/
Annotation33.wav,bottlenose/
Annotation340.wav,bottlenose/
Annotation341.wav,bottlenose/
Annotation342.wav,bottlenose/
Annotation343.wav,bottlenose/
Annotation344.wav,bottlenose/
Annotation345.wav,bottlenose/
Annotation346.wav,bottlenose/
Annotation347.wav,bottlenose/
Annotation348.wav,bottlenose/
Annotation349.wav,bottlenose/
Annotation34.wav,bottlenose/
Annotation350.wav,bottlenose/
Annotation351.wav,bottlenose/
Annotation352.wav,bottlenose/
Annotation353.wav,bottlenose/
Annotation354.wav,bottlenose/
Annotation355.wav,bottlenose/
Annotation356.wav,bottlenose/
Annotation357.wav,bottlenose/
Annotation358.wav,bottlenose/
Annotation359.wav,bottlenose/
Annotation35.wav,bottlenose/
Annotation360.wav,bottlenose/
Annotation361.wav,bottlenose/
Annotation362.wav,bottlenose/
Annotation363.wav,bottlenose/
Annotation364.wav,bottlenose/
Annotation365.wav,bottlenose/
Annotation366.wav,bottlenose/
Annotation367.wav,bottlenose/
Annotation368.wav,bottlenose/
Annotation369.wav,bottlenose/
Annotation36.wav,bottlenose/
Annotation370.wav,bottlenose/
Annotation371.wav,bottlenose/
Annotation372.wav,bottlenose/
Annotation373.wav,bottlenose/
Annotation374.wav,bottlenose/
Annotation375.wav,bottlenose/
Annotation376.wav,bottlenose/
Annotation377.wav,bottlenose/
Annotation378.wav,bottlenose/
Annotation379.wav,bottlenose/
Annotation37.wav,bottlenose/
Annotation380.wav,bottlenose/
Annotation381.wav,bottlenose/
Annotation382.wav,bottlenose/
Annotation383.wav,bottlenose/
Annotation384.wav,bottlenose/
Annotation385.wav,bottlenose/
Annotation386.wav,bottlenose/
Annotation387.wav,bottlenose/
Annotation388.wav,bottlenose/
Annotation389.wav,bottlenose/
Annotation38.wav,bottlenose/
Annotation390.wav,bottlenose/
Annotation391.wav,bottlenose/
Annotation392.wav,bottlenose/
Annotation393.wav,bottlenose/
Annotation394.wav,bottlenose/
Annotation395.wav,bottlenose/
Annotation396.wav,bottlenose/
Annotation397.wav,bottlenose/
Annotation398.wav,bottlenose/
Annotation399.wav,bottlenose/
Annotation39.wav,bottlenose/
Annotation3.wav,bottlenose/
Annotation400.wav,bottlenose/
Annotation401.wav,bottlenose/
Annotation402.wav,bottlenose/
Annotation403.wav,bottlenose/
Annotation404.wav,bottlenose/
Annotation405.wav,bottlenose/
Annotation406.wav,bottlenose/
Annotation407.wav,bottlenose/
Annotation408.wav,bottlenose/
Annotation409.wav,bottlenose/
Annotation40.wav,bottlenose/
Annotation410.wav,bottlenose/
Annotation411.wav,bottlenose/
Annotation412.wav,bottlenose/
Annotation413.wav,bottlenose/
Annotation414.wav,bottlenose/
Annotation415.wav,bottlenose/
Annotation416.wav,bottlenose/
Annotation417.wav,bottlenose/
Annotation418.wav,bottlenose/
Annotation419.wav,bottlenose/
Annotation41.wav,bottlenose/
Annotation420.wav,bottlenose/
Annotation421.wav,bottlenose/
Annotation422.wav,bottlenose/
Annotation423.wav,bottlenose/
Annotation424.wav,bottlenose/
Annotation425.wav,bottlenose/
Annotation426.wav,bottlenose/
Annotation427.wav,bottlenose/
Annotation428.wav,bottlenose/
Annotation429.wav,bottlenose/
Annotation42.wav,bottlenose/
Annotation430.wav,bottlenose/
Annotation431.wav,bottlenose/
Annotation432.wav,bottlenose/
Annotation433.wav,bottlenose/
Annotation434.wav,bottlenose/
Annotation435.wav,bottlenose/
Annotation436.wav,bottlenose/
Annotation437.wav,bottlenose/
Annotation438.wav,bottlenose/
Annotation439.wav,bottlenose/
Annotation43.wav,bottlenose/
Annotation440.wav,bottlenose/
Annotation441.wav,bottlenose/
Annotation442.wav,bottlenose/
Annotation443.wav,bottlenose/
Annotation444.wav,bottlenose/
Annotation445.wav,bottlenose/
Annotation446.wav,bottlenose/
Annotation447.wav,bottlenose/
Annotation448.wav,bottlenose/
Annotation449.wav,bottlenose/
Annotation44.wav,bottlenose/
Annotation450.wav,bottlenose/
Annotation451.wav,bottlenose/
Annotation452.wav,bottlenose/
Annotation453.wav,bottlenose/
Annotation454.wav,bottlenose/
Annotation455.wav,bottlenose/
Annotation456.wav,bottlenose/
Annotation457.wav,bottlenose/
Annotation458.wav,bottlenose/
Annotation459.wav,bottlenose/
Annotation45.wav,bottlenose/
Annotation460.wav,bottlenose/
Annotation461.wav,bottlenose/
Annotation462.wav,bottlenose/
Annotation463.wav,bottlenose/
Annotation464.wav,bottlenose/
Annotation465.wav,bottlenose/
Annotation466.wav,bottlenose/
Annotation467.wav,bottlenose/
Annotation468.wav,bottlenose/
Annotation469.wav,bottlenose/
Annotation46.wav,bottlenose/
Annotation470.wav,bottlenose/
Annotation471.wav,bottlenose/
Annotation472.wav,bottlenose/
Annotation473.wav,bottlenose/
Annotation474.wav,bottlenose/
Annotation475.wav,bottlenose/
Annotation476.wav,bottlenose/
Annotation477.wav,bottlenose/
Annotation478.wav,bottlenose/
Annotation479.wav,bottlenose/
Annotation47.wav,bottlenose/
Annotation480.wav,bottlenose/
Annotation481.wav,bottlenose/
Annotation482.wav,bottlenose/
Annotation483.wav,bottlenose/
Annotation484.wav,bottlenose/
Annotation485.wav,bottlenose/
Annotation486.wav,bottlenose/
Annotation487.wav,bottlenose/
Annotation488.wav,bottlenose/
Annotation489.wav,bottlenose/
Annotation48.wav,bottlenose/
Annotation490.wav,bottlenose/
Annotation491.wav,bottlenose/
Annotation492.wav,bottlenose/
Annotation493.wav,bottlenose/
Annotation494.wav,bottlenose/
Annotation495.wav,bottlenose/
Annotation496.wav,bottlenose/
Annotation497.wav,bottlenose/
Annotation498.wav,bottlenose/
Annotation499.wav,bottlenose/
Annotation49.wav,bottlenose/
Annotation4.wav,bottlenose/
Annotation500.wav,bottlenose/
Annotation501.wav,bottlenose/
Annotation502.wav,bottlenose/
Annotation503.wav,bottlenose/
Annotation504.wav,bottlenose/
Annotation505.wav,bottlenose/
Annotation506.wav,bottlenose/
Annotation507.wav,bottlenose/
Annotation508.wav,bottlenose/
Annotation509.wav,bottlenose/
Annotation50.wav,bottlenose/
Annotation510.wav,bottlenose/
Annotation511.wav,bottlenose/
Annotation512.wav,bottlenose/
Annotation513.wav,bottlenose/
Annotation514.wav,bottlenose/
Annotation515.wav,bottlenose/
Annotation516.wav,bottlenose/
Annotation517.wav,bottlenose/
Annotation518.wav,bottlenose/
Annotation519.wav,bottlenose/
Annotation51.wav,bottlenose/
Annotation520.wav,bottlenose/
Annotation521.wav,bottlenose/
Annotation522.wav,bottlenose/
Annotation523.wav,bottlenose/
Annotation524.wav,bottlenose/
Annotation525.wav,bottlenose/
Annotation526.wav,bottlenose/
Annotation527.wav,bottlenose/
Annotation528.wav,bottlenose/
Annotation529.wav,bottlenose/
Annotation52.wav,bottlenose/
Annotation530.wav,bottlenose/
Annotation531.wav,bottlenose/
Annotation532.wav,bottlenose/
Annotation533.wav,bottlenose/
Annotation534.wav,bottlenose/
Annotation535.wav,bottlenose/
Annotation536.wav,bottlenose/
Annotation537.wav,bottlenose/
Annotation538.wav,bottlenose/
Annotation53.wav,bottlenose/
Annotation54.wav,bottlenose/
Annotation55.wav,bottlenose/
Annotation56.wav,bottlenose/
Annotation57.wav,bottlenose/
Annotation58.wav,bottlenose/
Annotation59.wav,bottlenose/
Annotation5.wav,bottlenose/
Annotation60.wav,bottlenose/
Annotation61.wav,bottlenose/
Annotation62.wav,bottlenose/
Annotation63.wav,bottlenose/
Annotation64.wav,bottlenose/
Annotation65.wav,bottlenose/
Annotation66.wav,bottlenose/
Annotation67.wav,bottlenose/
Annotation68.wav,bottlenose/
Annotation69.wav,bottlenose/
Annotation6.wav,bottlenose/
Annotation70.wav,bottlenose/
Annotation71.wav,bottlenose/
Annotation72.wav,bottlenose/
Annotation73.wav,bottlenose/
Annotation74.wav,bottlenose/
Annotation75.wav,bottlenose/
Annotation76.wav,bottlenose/
Annotation77.wav,bottlenose/
Annotation78.wav,bottlenose/
Annotation79.wav,bottlenose/
Annotation7.wav,bottlenose/
Annotation80.wav,bottlenose/
Annotation81.wav,bottlenose/
Annotation82.wav,bottlenose/
Annotation83.wav,bottlenose/
Annotation84.wav,bottlenose/
Annotation85.wav,bottlenose/
Annotation86.wav,bottlenose/
Annotation87.wav,bottlenose/
Annotation88.wav,bottlenose/
Annotation89.wav,bottlenose/
Annotation8.wav,bottlenose/
Annotation90.wav,bottlenose/
Annotation91.wav,bottlenose/
Annotation92.wav,bottlenose/
Annotation93.wav,bottlenose/
Annotation94.wav,bottlenose/
Annotation95.wav,bottlenose/
Annotation96.wav,bottlenose/
Annotation97.wav,bottlenose/
Annotation98.wav,bottlenose/
Annotation99.wav,bottlenose/
Annotation9.wav,bottlenose/
Annotation0.wav,common/
Annotation100.wav,common/
Annotation101.wav,common/
Annotation102.wav,common/
Annotation103.wav,common/
Annotation104.wav,common/
Annotation105.wav,common/
Annotation106.wav,common/
Annotation107.wav,common/
Annotation108.wav,common/
Annotation109.wav,common/
Annotation10.wav,common/
Annotation110.wav,common/
Annotation111.wav,common/
Annotation112.wav,common/
Annotation113.wav,common/
Annotation114.wav,common/
Annotation115.wav,common/
Annotation116.wav,common/
Annotation117.wav,common/
Annotation118.wav,common/
Annotation119.wav,common/
Annotation11.wav,common/
Annotation120.wav,common/
Annotation121.wav,common/
Annotation122.wav,common/
Annotation123.wav,common/
Annotation124.wav,common/
Annotation125.wav,common/
Annotation126.wav,common/
Annotation127.wav,common/
Annotation128.wav,common/
Annotation129.wav,common/
Annotation12.wav,common/
Annotation130.wav,common/
Annotation131.wav,common/
Annotation132.wav,common/
Annotation133.wav,common/
Annotation134.wav,common/
Annotation135.wav,common/
Annotation136.wav,common/
Annotation137.wav,common/
Annotation138.wav,common/
Annotation139.wav,common/
Annotation13.wav,common/
Annotation140.wav,common/
Annotation141.wav,common/
Annotation142.wav,common/
Annotation143.wav,common/
Annotation144.wav,common/
Annotation145.wav,common/
Annotation146.wav,common/
Annotation147.wav,common/
Annotation148.wav,common/
Annotation149.wav,common/
Annotation14.wav,common/
Annotation150.wav,common/
Annotation151.wav,common/
Annotation152.wav,common/
Annotation153.wav,common/
Annotation154.wav,common/
Annotation155.wav,common/
Annotation156.wav,common/
Annotation157.wav,common/
Annotation158.wav,common/
Annotation159.wav,common/
Annotation15.wav,common/
Annotation160.wav,common/
Annotation161.wav,common/
Annotation162.wav,common/
Annotation163.wav,common/
Annotation164.wav,common/
Annotation165.wav,common/
Annotation166.wav,common/
Annotation167.wav,common/
Annotation168.wav,common/
Annotation169.wav,common/
Annotation16.wav,common/
Annotation170.wav,common/
Annotation171.wav,common/
Annotation172.wav,common/
Annotation173.wav,common/
Annotation174.wav,common/
Annotation175.wav,common/
Annotation176.wav,common/
Annotation177.wav,common/
Annotation178.wav,common/
Annotation179.wav,common/
Annotation17.wav,common/
Annotation180.wav,common/
Annotation181.wav,common/
Annotation182.wav,common/
Annotation183.wav,common/
Annotation184.wav,common/
Annotation185.wav,common/
Annotation186.wav,common/
Annotation187.wav,common/
Annotation188.wav,common/
Annotation189.wav,common/
Annotation18.wav,common/
Annotation190.wav,common/
Annotation191.wav,common/
Annotation192.wav,common/
Annotation193.wav,common/
Annotation194.wav,common/
Annotation195.wav,common/
Annotation196.wav,common/
Annotation197.wav,common/
Annotation198.wav,common/
Annotation199.wav,common/
Annotation19.wav,common/
Annotation1.wav,common/
Annotation200.wav,common/
Annotation201.wav,common/
Annotation202.wav,common/
Annotation203.wav,common/
Annotation204.wav,common/
Annotation205.wav,common/
Annotation206.wav,common/
Annotation207.wav,common/
Annotation208.wav,common/
Annotation209.wav,common/
Annotation20.wav,common/
Annotation210.wav,common/
Annotation211.wav,common/
Annotation212.wav,common/
Annotation213.wav,common/
Annotation214.wav,common/
Annotation215.wav,common/
Annotation216.wav,common/
Annotation217.wav,common/
Annotation218.wav,common/
Annotation219.wav,common/
Annotation21.wav,common/
Annotation220.wav,common/
Annotation221.wav,common/
Annotation222.wav,common/
Annotation223.wav,common/
Annotation224.wav,common/
Annotation225.wav,common/
Annotation226.wav,common/
Annotation227.wav,common/
Annotation228.wav,common/
Annotation229.wav,common/
Annotation22.wav,common/
Annotation230.wav,common/
Annotation231.wav,common/
Annotation232.wav,common/
Annotation233.wav,common/
Annotation234.wav,common/
Annotation235.wav,common/
Annotation236.wav,common/
Annotation237.wav,common/
Annotation238.wav,common/
Annotation239.wav,common/
Annotation23.wav,common/
Annotation240.wav,common/
Annotation241.wav,common/
Annotation242.wav,common/
Annotation243.wav,common/
Annotation244.wav,common/
Annotation245.wav,common/
Annotation246.wav,common/
Annotation247.wav,common/
Annotation248.wav,common/
Annotation249.wav,common/
Annotation24.wav,common/
Annotation250.wav,common/
Annotation251.wav,common/
Annotation252.wav,common/
Annotation253.wav,common/
Annotation254.wav,common/
Annotation255.wav,common/
Annotation256.wav,common/
Annotation257.wav,common/
Annotation258.wav,common/
Annotation259.wav,common/
Annotation25.wav,common/
Annotation260.wav,common/
Annotation261.wav,common/
Annotation262.wav,common/
Annotation263.wav,common/
Annotation264.wav,common/
Annotation265.wav,common/
Annotation266.wav,common/
Annotation267.wav,common/
Annotation268.wav,common/
Annotation269.wav,common/
Annotation26.wav,common/
Annotation270.wav,common/
Annotation271.wav,common/
Annotation272.wav,common/
Annotation273.wav,common/
Annotation274.wav,common/
Annotation275.wav,common/
Annotation276.wav,common/
Annotation277.wav,common/
Annotation278.wav,common/
Annotation279.wav,common/
Annotation27.wav,common/
Annotation280.wav,common/
Annotation281.wav,common/
Annotation282.wav,common/
Annotation283.wav,common/
Annotation284.wav,common/
Annotation285.wav,common/
Annotation286.wav,common/
Annotation287.wav,common/
Annotation288.wav,common/
Annotation289.wav,common/
Annotation28.wav,common/
Annotation290.wav,common/
Annotation291.wav,common/
Annotation292.wav,common/
Annotation293.wav,common/
Annotation294.wav,common/
Annotation295.wav,common/
Annotation296.wav,common/
Annotation297.wav,common/
Annotation298.wav,common/
Annotation299.wav,common/
Annotation29.wav,common/
Annotation2.wav,common/
Annotation300.wav,common/
Annotation301.wav,common/
Annotation302.wav,common/
Annotation303.wav,common/
Annotation304.wav,common/
Annotation305.wav,common/
Annotation306.wav,common/
Annotation307.wav,common/
Annotation308.wav,common/
Annotation309.wav,common/
Annotation30.wav,common/
Annotation310.wav,common/
Annotation311.wav,common/
Annotation312.wav,common/
Annotation313.wav,common/
Annotation314.wav,common/
Annotation315.wav,common/
Annotation316.wav,common/
Annotation317.wav,common/
Annotation318.wav,common/
Annotation319.wav,common/
Annotation31.wav,common/
Annotation320.wav,common/
Annotation321.wav,common/
Annotation322.wav,common/
Annotation323.wav,common/
Annotation324.wav,common/
Annotation325.wav,common/
Annotation326.wav,common/
Annotation327.wav,common/
Annotation328.wav,common/
Annotation329.wav,common/
Annotation32.wav,common/
Annotation330.wav,common/
Annotation331.wav,common/
Annotation332.wav,common/
Annotation333.wav,common/
Annotation334.wav,common/
Annotation335.wav,common/
Annotation336.wav,common/
Annotation337.wav,common/
Annotation338.wav,common/
Annotation339.wav,common/
Annotation33.wav,common/
Annotation340.wav,common/
Annotation341.wav,common/
Annotation342.wav,common/
Annotation343.wav,common/
Annotation344.wav,common/
Annotation345.wav,common/
Annotation346.wav,common/
Annotation347.wav,common/
Annotation348.wav,common/
Annotation349.wav,common/
Annotation34.wav,common/
Annotation350.wav,common/
Annotation351.wav,common/
Annotation352.wav,common/
Annotation353.wav,common/
Annotation354.wav,common/
Annotation355.wav,common/
Annotation356.wav,common/
Annotation357.wav,common/
Annotation358.wav,common/
Annotation359.wav,common/
Annotation35.wav,common/
Annotation360.wav,common/
Annotation361.wav,common/
Annotation362.wav,common/
Annotation363.wav,common/
Annotation364.wav,common/
Annotation365.wav,common/
Annotation366.wav,common/
Annotation367.wav,common/
Annotation368.wav,common/
Annotation369.wav,common/
Annotation36.wav,common/
Annotation370.wav,common/
Annotation371.wav,common/
Annotation372.wav,common/
Annotation373.wav,common/
Annotation374.wav,common/
Annotation375.wav,common/
Annotation376.wav,common/
Annotation377.wav,common/
Annotation378.wav,common/
Annotation379.wav,common/
Annotation37.wav,common/
Annotation380.wav,common/
Annotation381.wav,common/
Annotation382.wav,common/
Annotation383.wav,common/
Annotation384.wav,common/
Annotation385.wav,common/
Annotation386.wav,common/
Annotation387.wav,common/
Annotation388.wav,common/
Annotation389.wav,common/
Annotation38.wav,common/
Annotation390.wav,common/
Annotation391.wav,common/
Annotation392.wav,common/
Annotation393.wav,common/
Annotation394.wav,common/
Annotation395.wav,common/
Annotation396.wav,common/
Annotation397.wav,common/
Annotation398.wav,common/
Annotation399.wav,common/
Annotation39.wav,common/
Annotation3.wav,common/
Annotation400.wav,common/
Annotation401.wav,common/
Annotation402.wav,common/
Annotation403.wav,common/
Annotation404.wav,common/
Annotation405.wav,common/
Annotation406.wav,common/
Annotation407.wav,common/
Annotation408.wav,common/
Annotation409.wav,common/
Annotation40.wav,common/
Annotation410.wav,common/
Annotation411.wav,common/
Annotation412.wav,common/
Annotation413.wav,common/
Annotation414.wav,common/
Annotation415.wav,common/
Annotation416.wav,common/
Annotation417.wav,common/
Annotation418.wav,common/
Annotation419.wav,common/
Annotation41.wav,common/
Annotation420.wav,common/
Annotation421.wav,common/
Annotation422.wav,common/
Annotation423.wav,common/
Annotation424.wav,common/
Annotation425.wav,common/
Annotation426.wav,common/
Annotation427.wav,common/
Annotation428.wav,common/
Annotation429.wav,common/
Annotation42.wav,common/
Annotation430.wav,common/
Annotation431.wav,common/
Annotation432.wav,common/
Annotation433.wav,common/
Annotation434.wav,common/
Annotation435.wav,common/
Annotation436.wav,common/
Annotation437.wav,common/
Annotation438.wav,common/
Annotation439.wav,common/
Annotation43.wav,common/
Annotation440.wav,common/
Annotation441.wav,common/
Annotation442.wav,common/
Annotation443.wav,common/
Annotation444.wav,common/
Annotation445.wav,common/
Annotation446.wav,common/
Annotation447.wav,common/
Annotation448.wav,common/
Annotation449.wav,common/
Annotation44.wav,common/
Annotation450.wav,common/
Annotation451.wav,common/
Annotation452.wav,common/
Annotation453.wav,common/
Annotation454.wav,common/
Annotation455.wav,common/
Annotation456.wav,common/
Annotation457.wav,common/
Annotation459.wav,common/
Annotation45.wav,common/
Annotation460.wav,common/
Annotation461.wav,common/
Annotation462.wav,common/
Annotation463.wav,common/
Annotation464.wav,common/
Annotation465.wav,common/
Annotation466.wav,common/
Annotation467.wav,common/
Annotation468.wav,common/
Annotation469.wav,common/
Annotation46.wav,common/
Annotation470.wav,common/
Annotation471.wav,common/
Annotation472.wav,common/
Annotation473.wav,common/
Annotation474.wav,common/
Annotation475.wav,common/
Annotation476.wav,common/
Annotation477.wav,common/
Annotation478.wav,common/
Annotation479.wav,common/
Annotation47.wav,common/
Annotation480.wav,common/
Annotation481.wav,common/
Annotation482.wav,common/
Annotation483.wav,common/
Annotation484.wav,common/
Annotation485.wav,common/
Annotation486.wav,common/
Annotation487.wav,common/
Annotation488.wav,common/
Annotation489.wav,common/
Annotation48.wav,common/
Annotation490.wav,common/
Annotation491.wav,common/
Annotation492.wav,common/
Annotation493.wav,common/
Annotation494.wav,common/
Annotation495.wav,common/
Annotation496.wav,common/
Annotation497.wav,common/
Annotation498.wav,common/
Annotation499.wav,common/
Annotation49.wav,common/
Annotation4.wav,common/
Annotation500.wav,common/
Annotation501.wav,common/
Annotation502.wav,common/
Annotation503.wav,common/
Annotation504.wav,common/
Annotation505.wav,common/
Annotation506.wav,common/
Annotation507.wav,common/
Annotation508.wav,common/
Annotation509.wav,common/
Annotation50.wav,common/
Annotation510.wav,common/
Annotation511.wav,common/
Annotation512.wav,common/
Annotation513.wav,common/
Annotation514.wav,common/
Annotation515.wav,common/
Annotation516.wav,common/
Annotation517.wav,common/
Annotation518.wav,common/
Annotation519.wav,common/
Annotation51.wav,common/
Annotation520.wav,common/
Annotation521.wav,common/
Annotation522.wav,common/
Annotation523.wav,common/
Annotation524.wav,common/
Annotation525.wav,common/
Annotation526.wav,common/
Annotation527.wav,common/
Annotation528.wav,common/
Annotation529.wav,common/
Annotation52.wav,common/
Annotation530.wav,common/
Annotation531.wav,common/
Annotation532.wav,common/
Annotation533.wav,common/
Annotation534.wav,common/
Annotation535.wav,common/
Annotation536.wav,common/
Annotation537.wav,common/
Annotation538.wav,common/
Annotation539.wav,common/
Annotation53.wav,common/
Annotation540.wav,common/
Annotation541.wav,common/
Annotation542.wav,common/
Annotation543.wav,common/
Annotation544.wav,common/
Annotation545.wav,common/
Annotation546.wav,common/
Annotation547.wav,common/
Annotation548.wav,common/
Annotation549.wav,common/
Annotation54.wav,common/
Annotation550.wav,common/
Annotation551.wav,common/
Annotation552.wav,common/
Annotation553.wav,common/
Annotation554.wav,common/
Annotation555.wav,common/
Annotation556.wav,common/
Annotation557.wav,common/
Annotation558.wav,common/
Annotation559.wav,common/
Annotation55.wav,common/
Annotation560.wav,common/
Annotation561.wav,common/
Annotation562.wav,common/
Annotation563.wav,common/
Annotation564.wav,common/
Annotation565.wav,common/
Annotation566.wav,common/
Annotation567.wav,common/
Annotation568.wav,common/
Annotation569.wav,common/
Annotation56.wav,common/
Annotation570.wav,common/
Annotation571.wav,common/
Annotation572.wav,common/
Annotation573.wav,common/
Annotation574.wav,common/
Annotation575.wav,common/
Annotation576.wav,common/
Annotation577.wav,common/
Annotation578.wav,common/
Annotation579.wav,common/
Annotation57.wav,common/
Annotation580.wav,common/
Annotation581.wav,common/
Annotation582.wav,common/
Annotation583.wav,common/
Annotation584.wav,common/
Annotation585.wav,common/
Annotation586.wav,common/
Annotation587.wav,common/
Annotation588.wav,common/
Annotation589.wav,common/
Annotation58.wav,common/
Annotation590.wav,common/
Annotation591.wav,common/
Annotation592.wav,common/
Annotation593.wav,common/
Annotation594.wav,common/
Annotation595.wav,common/
Annotation596.wav,common/
Annotation597.wav,common/
Annotation598.wav,common/
Annotation599.wav,common/
Annotation59.wav,common/
Annotation5.wav,common/
Annotation600.wav,common/
Annotation601.wav,common/
Annotation602.wav,common/
Annotation603.wav,common/
Annotation604.wav,common/
Annotation605.wav,common/
Annotation606.wav,common/
Annotation607.wav,common/
Annotation608.wav,common/
Annotation609.wav,common/
Annotation60.wav,common/
Annotation610.wav,common/
Annotation611.wav,common/
Annotation612.wav,common/
Annotation613.wav,common/
Annotation614.wav,common/
Annotation615.wav,common/
Annotation616.wav,common/
Annotation617.wav,common/
Annotation618.wav,common/
Annotation619.wav,common/
Annotation61.wav,common/
Annotation620.wav,common/
Annotation621.wav,common/
Annotation622.wav,common/
Annotation623.wav,common/
Annotation624.wav,common/
Annotation625.wav,common/
Annotation626.wav,common/
Annotation627.wav,common/
Annotation628.wav,common/
Annotation629.wav,common/
Annotation62.wav,common/
Annotation630.wav,common/
Annotation631.wav,common/
Annotation632.wav,common/
Annotation633.wav,common/
Annotation634.wav,common/
Annotation635.wav,common/
Annotation636.wav,common/
Annotation637.wav,common/
Annotation638.wav,common/
Annotation639.wav,common/
Annotation63.wav,common/
Annotation640.wav,common/
Annotation641.wav,common/
Annotation642.wav,common/
Annotation643.wav,common/
Annotation644.wav,common/
Annotation645.wav,common/
Annotation646.wav,common/
Annotation647.wav,common/
Annotation648.wav,common/
Annotation649.wav,common/
Annotation64.wav,common/
Annotation650.wav,common/
Annotation651.wav,common/
Annotation652.wav,common/
Annotation653.wav,common/
Annotation654.wav,common/
Annotation655.wav,common/
Annotation656.wav,common/
Annotation657.wav,common/
Annotation658.wav,common/
Annotation659.wav,common/
Annotation65.wav,common/
Annotation660.wav,common/
Annotation661.wav,common/
Annotation662.wav,common/
Annotation663.wav,common/
Annotation664.wav,common/
Annotation665.wav,common/
Annotation666.wav,common/
Annotation667.wav,common/
Annotation668.wav,common/
Annotation669.wav,common/
Annotation66.wav,common/
Annotation670.wav,common/
Annotation671.wav,common/
Annotation672.wav,common/
Annotation673.wav,common/
Annotation674.wav,common/
Annotation675.wav,common/
Annotation676.wav,common/
Annotation677.wav,common/
Annotation678.wav,common/
Annotation679.wav,common/
Annotation67.wav,common/
Annotation680.wav,common/
Annotation681.wav,common/
Annotation682.wav,common/
Annotation683.wav,common/
Annotation684.wav,common/
Annotation685.wav,common/
Annotation686.wav,common/
Annotation687.wav,common/
Annotation688.wav,common/
Annotation689.wav,common/
Annotation68.wav,common/
Annotation690.wav,common/
Annotation691.wav,common/
Annotation692.wav,common/
Annotation693.wav,common/
Annotation694.wav,common/
Annotation695.wav,common/
Annotation696.wav,common/
Annotation697.wav,common/
Annotation698.wav,common/
Annotation699.wav,common/
Annotation69.wav,common/
Annotation6.wav,common/
Annotation700.wav,common/
Annotation701.wav,common/
Annotation702.wav,common/
Annotation703.wav,common/
Annotation704.wav,common/
Annotation705.wav,common/
Annotation706.wav,common/
Annotation707.wav,common/
Annotation708.wav,common/
Annotation709.wav,common/
Annotation70.wav,common/
Annotation710.wav,common/
Annotation711.wav,common/
Annotation712.wav,common/
Annotation713.wav,common/
Annotation714.wav,common/
Annotation715.wav,common/
Annotation716.wav,common/
Annotation717.wav,common/
Annotation718.wav,common/
Annotation719.wav,common/
Annotation71.wav,common/
Annotation720.wav,common/
Annotation721.wav,common/
Annotation722.wav,common/
Annotation723.wav,common/
Annotation724.wav,common/
Annotation725.wav,common/
Annotation726.wav,common/
Annotation727.wav,common/
Annotation728.wav,common/
Annotation729.wav,common/
Annotation72.wav,common/
Annotation730.wav,common/
Annotation731.wav,common/
Annotation732.wav,common/
Annotation733.wav,common/
Annotation734.wav,common/
Annotation735.wav,common/
Annotation736.wav,common/
Annotation737.wav,common/
Annotation738.wav,common/
Annotation739.wav,common/
Annotation73.wav,common/
Annotation740.wav,common/
Annotation741.wav,common/
Annotation742.wav,common/
Annotation743.wav,common/
Annotation744.wav,common/
Annotation745.wav,common/
Annotation746.wav,common/
Annotation747.wav,common/
Annotation748.wav,common/
Annotation749.wav,common/
Annotation74.wav,common/
Annotation750.wav,common/
Annotation751.wav,common/
Annotation752.wav,common/
Annotation753.wav,common/
Annotation754.wav,common/
Annotation755.wav,common/
Annotation756.wav,common/
Annotation757.wav,common/
Annotation758.wav,common/
Annotation75.wav,common/
Annotation76.wav,common/
Annotation77.wav,common/
Annotation78.wav,common/
Annotation79.wav,common/
Annotation7.wav,common/
Annotation80.wav,common/
Annotation81.wav,common/
Annotation82.wav,common/
Annotation83.wav,common/
Annotation84.wav,common/
Annotation85.wav,common/
Annotation86.wav,common/
Annotation87.wav,common/
Annotation88.wav,common/
Annotation89.wav,common/
Annotation8.wav,common/
Annotation90.wav,common/
Annotation91.wav,common/
Annotation92.wav,common/
Annotation93.wav,common/
Annotation94.wav,common/
Annotation95.wav,common/
Annotation96.wav,common/
Annotation97.wav,common/
Annotation98.wav,common/
Annotation99.wav,common/
Annotation9.wav,common/
Annotation1015.wav,melon-headed/
Annotation1068.wav,melon-headed/
Annotation1083.wav,melon-headed/
Annotation130.wav,melon-headed/
Annotation187.wav,melon-headed/
Annotation21.wav,melon-headed/
Annotation269.wav,melon-headed/
Annotation309.wav,melon-headed/
Annotation316.wav,melon-headed/
Annotation327.wav,melon-headed/
Annotation418.wav,melon-headed/
Annotation675.wav,melon-headed/
Annotation693.wav,melon-headed/
Annotation875.wav,melon-headed/
Annotation939.wav,melon-headed/
